[
    {
        "timestamp": "2025-12-29 11:40:52",
        "admin_id": "ADMIN1411",
        "admin_username": "admin",
        "action": "LOGIN",
        "details": "Admin đã đăng nhập",
        "ip_address": "172.31.74.98"
    },
    {
        "timestamp": "2025-12-29 11:41:49",
        "admin_id": "ADMIN1411",
        "admin_username": "admin",
        "action": "ADD_BANK",
        "details": "Thêm ngân hàng: VPBank",
        "ip_address": "172.31.74.98"
    },
    {
        "timestamp": "2025-12-29 11:43:53",
        "admin_id": "ADMIN1411",
        "admin_username": "admin",
        "action": "LOGIN",
        "details": "Admin đã đăng nhập",
        "ip_address": "172.31.74.98"
    },
    {
        "timestamp": "2025-12-29 12:51:04",
        "admin_id": "ADMIN1411",
        "admin_username": "admin",
        "action": "LOGIN",
        "details": "Admin đã đăng nhập",
        "ip_address": "172.31.83.162"
    }
]