[
    {
        "order_id": "DEPUPUSUCBL",
        "user_id": "USER713191",
        "username": "Nam1411",
        "amount": 500000,
        "bank_name": "VPBank",
        "account_no": "999999999",
        "account_name": "Trum HKNam",
        "description": "NAPO6CKPJ",
        "status": "completed",
        "created_at": "2025-12-29 11:43:09",
        "expires_at": "2025-12-29 12:03:09",
        "updated_at": "2025-12-29 13:12:55"
    },
    {
        "order_id": "DEP41QJWV69",
        "user_id": "USER713191",
        "username": "Nam1411",
        "amount": 500000,
        "bank_name": "VPBank",
        "account_no": "999999999",
        "account_name": "Trum HKNam",
        "description": "NAPR1CEVX",
        "status": "cancelled",
        "created_at": "2025-12-29 13:48:38",
        "expires_at": "2025-12-29 14:08:38",
        "updated_at": "2025-12-29 13:51:44"
    },
    {
        "id": "DEPIPO9D4H0",
        "order_id": "DEPIPO9D4H0",
        "user_id": "USER713191",
        "username": "Nam1411",
        "amount": 100000000,
        "bank_name": "VPBank",
        "account_no": "999999999",
        "account_name": "Trum HKNam",
        "description": "NAP2IRWS3",
        "status": "completed",
        "created_at": "2025-12-29 13:55:07",
        "expires_at": "2025-12-29 14:15:07",
        "updated_at": "2025-12-29 13:55:34"
    },
    {
        "id": "DEPZHA22SWS",
        "order_id": "DEPZHA22SWS",
        "user_id": "USER713191",
        "username": "Nam1411",
        "amount": 100000000,
        "bank_name": "VPBank",
        "account_no": "999999999",
        "account_name": "Trum HKNam",
        "description": "NAP94KCKM",
        "status": "pending",
        "created_at": "2025-12-29 13:55:57",
        "expires_at": "2025-12-29 14:15:57"
    }
]